index,athlete,position,week,model,day,rpe,duration,srpe,session
0,1,1,4,2,1,7,75.0,525.0,4_D1
1,1,1,4,2,2,7,60.0,420.0,4_D2
2,1,1,4,2,3,5,40.0,200.0,4_D3
3,1,1,5,2,1,8,65.0,520.0,5_D1
4,1,1,5,2,2,7,55.0,385.0,5_D2
5,1,1,5,2,3,4,40.0,160.0,5_D3
6,1,1,7,1,1,7,72.0,504.0,7_D1
7,1,1,7,1,2,8,52.0,416.0,7_D2
8,1,1,7,1,3,7,35.0,245.0,7_D3
9,1,1,10,1,1,7,60.0,420.0,10_D1
10,1,1,10,1,2,6,56.0,336.0,10_D2
11,1,1,10,1,3,3,44.0,132.0,10_D3
12,1,1,12,2,1,7,60.0,420.0,12_D1
13,1,1,12,2,2,8,46.0,368.0,12_D2
14,1,1,12,2,3,4,35.0,140.0,12_D3
15,1,1,14,1,1,6,65.0,390.0,14_D1
16,1,1,14,1,2,8,50.0,400.0,14_D2
17,1,1,14,1,3,5,30.0,150.0,14_D3
18,1,1,16,1,1,6,50.0,300.0,16_D1
19,1,1,16,1,2,6,60.0,360.0,16_D2
20,1,1,16,1,3,5,32.0,160.0,16_D3
21,1,1,20,1,1,7,50.0,350.0,20_D1
22,1,1,20,1,2,7,55.0,385.0,20_D2
23,1,1,20,1,3,5,35.0,175.0,20_D3
24,1,1,24,2,1,7,60.0,420.0,24_D1
25,1,1,24,2,2,8,50.0,400.0,24_D2
26,1,1,24,2,3,5,40.0,200.0,24_D3
27,1,1,27,2,1,8,66.0,528.0,27_D1
28,1,1,27,2,2,8,57.0,456.0,27_D2
29,1,1,27,2,3,4,35.0,140.0,27_D3
30,2,1,4,2,1,7,75.0,525.0,4_D1
31,2,1,4,2,2,7,60.0,420.0,4_D2
32,2,1,4,2,3,4,40.0,160.0,4_D3
33,2,1,5,2,1,6,65.0,390.0,5_D1
34,2,1,5,2,2,7,55.0,385.0,5_D2
35,2,1,5,2,3,3,40.0,120.0,5_D3
36,2,1,7,1,1,6,72.0,432.0,7_D1
37,2,1,7,1,2,7,52.0,364.0,7_D2
38,2,1,7,1,3,4,35.0,140.0,7_D3
39,2,1,10,1,1,7,60.0,420.0,10_D1
40,2,1,10,1,2,7,56.0,392.0,10_D2
41,2,1,10,1,3,3,44.0,132.0,10_D3
42,2,1,12,2,1,5,60.0,300.0,12_D1
43,2,1,12,2,2,8,46.0,368.0,12_D2
44,2,1,12,2,3,3,35.0,105.0,12_D3
45,2,1,14,1,1,7,65.0,455.0,14_D1
46,2,1,14,1,2,7,50.0,350.0,14_D2
47,2,1,14,1,3,2,30.0,60.0,14_D3
48,2,1,16,1,1,7,50.0,350.0,16_D1
49,2,1,16,1,2,6,60.0,360.0,16_D2
50,2,1,16,1,3,3,32.0,96.0,16_D3
51,2,1,20,1,1,7,50.0,350.0,20_D1
52,2,1,20,1,2,7,55.0,385.0,20_D2
53,2,1,20,1,3,5,35.0,175.0,20_D3
54,2,1,24,2,1,7,60.0,420.0,24_D1
55,2,1,24,2,2,7,50.0,350.0,24_D2
56,2,1,24,2,3,6,40.0,240.0,24_D3
57,2,1,27,2,1,8,66.0,528.0,27_D1
58,2,1,27,2,2,8,57.0,456.0,27_D2
59,2,1,27,2,3,3,35.0,105.0,27_D3
60,3,1,4,2,1,7,75.0,525.0,4_D1
61,3,1,4,2,2,6,60.0,360.0,4_D2
62,3,1,4,2,3,5,40.0,200.0,4_D3
63,3,1,5,2,1,4,65.0,260.0,5_D1
64,3,1,5,2,2,6,55.0,330.0,5_D2
65,3,1,5,2,3,3,40.0,120.0,5_D3
66,3,1,7,1,1,6,72.0,432.0,7_D1
67,3,1,7,1,2,6,52.0,312.0,7_D2
68,3,1,7,1,3,4,35.0,140.0,7_D3
69,3,1,10,1,1,7,60.0,420.0,10_D1
70,3,1,10,1,2,5,56.0,280.0,10_D2
71,3,1,10,1,3,4,44.0,176.0,10_D3
72,3,1,12,2,1,6,60.0,360.0,12_D1
73,3,1,12,2,2,7,46.0,322.0,12_D2
74,3,1,12,2,3,4,35.0,140.0,12_D3
75,3,1,14,1,1,6,65.0,390.0,14_D1
76,3,1,14,1,2,5,50.0,250.0,14_D2
77,3,1,14,1,3,3,30.0,90.0,14_D3
78,3,1,16,1,1,7,50.0,350.0,16_D1
79,3,1,16,1,2,6,60.0,360.0,16_D2
80,3,1,16,1,3,3,32.0,96.0,16_D3
81,3,1,20,1,1,4,50.0,200.0,20_D1
82,3,1,20,1,2,4,55.0,220.0,20_D2
83,3,1,20,1,3,4,35.0,140.0,20_D3
84,3,1,24,2,1,6,60.0,360.0,24_D1
85,3,1,24,2,2,5,50.0,250.0,24_D2
86,3,1,24,2,3,2,40.0,80.0,24_D3
87,3,1,27,2,1,4,66.0,264.0,27_D1
88,3,1,27,2,2,5,57.0,285.0,27_D2
89,3,1,27,2,3,6,35.0,210.0,27_D3
90,4,1,4,2,1,5,75.0,375.0,4_D1
91,4,1,4,2,2,6,60.0,360.0,4_D2
92,4,1,4,2,3,4,40.0,160.0,4_D3
93,4,1,5,2,1,5,65.0,325.0,5_D1
94,4,1,5,2,2,5,55.0,275.0,5_D2
95,4,1,5,2,3,4,40.0,160.0,5_D3
96,4,1,7,1,1,5,72.0,360.0,7_D1
97,4,1,7,1,2,5,52.0,260.0,7_D2
98,4,1,7,1,3,4,35.0,140.0,7_D3
99,4,1,10,1,1,8,60.0,480.0,10_D1
100,4,1,10,1,2,5,56.0,280.0,10_D2
101,4,1,10,1,3,4,44.0,176.0,10_D3
102,4,1,12,2,1,5,60.0,300.0,12_D1
103,4,1,12,2,2,6,46.0,276.0,12_D2
104,4,1,12,2,3,4,35.0,140.0,12_D3
105,4,1,14,1,1,6,65.0,390.0,14_D1
106,4,1,14,1,2,7,50.0,350.0,14_D2
107,4,1,14,1,3,4,30.0,120.0,14_D3
108,4,1,16,1,1,7,50.0,350.0,16_D1
109,4,1,16,1,2,6,60.0,360.0,16_D2
110,4,1,16,1,3,4,32.0,128.0,16_D3
111,4,1,20,1,1,7,50.0,350.0,20_D1
112,4,1,20,1,2,5,55.0,275.0,20_D2
113,4,1,20,1,3,6,35.0,210.0,20_D3
114,4,1,24,2,1,7,60.0,420.0,24_D1
115,4,1,24,2,2,5,50.0,250.0,24_D2
116,4,1,24,2,3,5,40.0,200.0,24_D3
117,4,1,27,2,1,6,66.0,396.0,27_D1
118,4,1,27,2,2,7,57.0,399.0,27_D2
119,4,1,27,2,3,4,35.0,140.0,27_D3
120,5,1,4,2,1,6,75.0,450.0,4_D1
121,5,1,4,2,2,7,60.0,420.0,4_D2
122,5,1,4,2,3,4,40.0,160.0,4_D3
123,5,1,5,2,1,7,65.0,455.0,5_D1
124,5,1,5,2,2,7,55.0,385.0,5_D2
125,5,1,5,2,3,5,40.0,200.0,5_D3
126,5,1,7,1,1,8,72.0,576.0,7_D1
127,5,1,7,1,2,6,52.0,312.0,7_D2
128,5,1,7,1,3,5,35.0,175.0,7_D3
129,5,1,10,1,1,7,60.0,420.0,10_D1
130,5,1,10,1,2,5,56.0,280.0,10_D2
131,5,1,10,1,3,4,44.0,176.0,10_D3
132,5,1,12,2,1,7,60.0,420.0,12_D1
133,5,1,12,2,2,4,46.0,184.0,12_D2
134,5,1,12,2,3,5,35.0,175.0,12_D3
135,5,1,14,1,1,6,65.0,390.0,14_D1
136,5,1,14,1,2,8,50.0,400.0,14_D2
137,5,1,14,1,3,4,30.0,120.0,14_D3
138,5,1,16,1,1,7,50.0,350.0,16_D1
139,5,1,16,1,2,6,60.0,360.0,16_D2
140,5,1,16,1,3,5,32.0,160.0,16_D3
141,5,1,20,1,1,6,50.0,300.0,20_D1
142,5,1,20,1,2,6,55.0,330.0,20_D2
143,5,1,20,1,3,8,35.0,280.0,20_D3
144,5,1,24,2,1,6,60.0,360.0,24_D1
145,5,1,24,2,2,7,50.0,350.0,24_D2
146,5,1,24,2,3,4,40.0,160.0,24_D3
147,5,1,27,2,1,6,66.0,396.0,27_D1
148,5,1,27,2,2,5,57.0,285.0,27_D2
149,5,1,27,2,3,5,35.0,175.0,27_D3
150,6,1,4,2,1,7,75.0,525.0,4_D1
151,6,1,4,2,2,9,60.0,540.0,4_D2
152,6,1,4,2,3,5,40.0,200.0,4_D3
153,6,1,5,2,1,7,65.0,455.0,5_D1
154,6,1,5,2,2,8,55.0,440.0,5_D2
155,6,1,5,2,3,3,40.0,120.0,5_D3
156,6,1,7,1,1,7,72.0,504.0,7_D1
157,6,1,7,1,2,6,52.0,312.0,7_D2
158,6,1,7,1,3,2,35.0,70.0,7_D3
159,6,1,10,1,1,7,60.0,420.0,10_D1
160,6,1,10,1,2,7,56.0,392.0,10_D2
161,6,1,10,1,3,4,44.0,176.0,10_D3
162,6,1,12,2,1,6,60.0,360.0,12_D1
163,6,1,12,2,2,7,46.0,322.0,12_D2
164,6,1,12,2,3,3,35.0,105.0,12_D3
165,6,1,14,1,1,7,65.0,455.0,14_D1
166,6,1,14,1,2,7,50.0,350.0,14_D2
167,6,1,14,1,3,4,30.0,120.0,14_D3
168,6,1,16,1,1,8,50.0,400.0,16_D1
169,6,1,16,1,2,7,60.0,420.0,16_D2
170,6,1,16,1,3,5,32.0,160.0,16_D3
171,6,1,20,1,1,7,50.0,350.0,20_D1
172,6,1,20,1,2,8,55.0,440.0,20_D2
173,6,1,20,1,3,4,35.0,140.0,20_D3
174,6,1,24,2,1,8,60.0,480.0,24_D1
175,6,1,24,2,2,8,50.0,400.0,24_D2
176,6,1,24,2,3,4,40.0,160.0,24_D3
177,6,1,27,2,1,7,66.0,462.0,27_D1
178,6,1,27,2,2,9,57.0,513.0,27_D2
179,6,1,27,2,3,4,35.0,140.0,27_D3
180,7,1,4,2,1,7,75.0,525.0,4_D1
181,7,1,4,2,2,8,60.0,480.0,4_D2
182,7,1,4,2,3,5,40.0,200.0,4_D3
183,7,1,5,2,1,6,65.0,390.0,5_D1
184,7,1,5,2,2,5,55.0,275.0,5_D2
185,7,1,5,2,3,6,40.0,240.0,5_D3
186,7,1,7,1,1,7,72.0,504.0,7_D1
187,7,1,7,1,2,6,52.0,312.0,7_D2
188,7,1,7,1,3,5,35.0,175.0,7_D3
189,7,1,10,1,1,7,60.0,420.0,10_D1
190,7,1,10,1,2,7,56.0,392.0,10_D2
191,7,1,10,1,3,5,44.0,220.0,10_D3
192,7,1,12,2,1,6,60.0,360.0,12_D1
193,7,1,12,2,2,8,46.0,368.0,12_D2
194,7,1,12,2,3,4,35.0,140.0,12_D3
195,7,1,14,1,1,8,65.0,520.0,14_D1
196,7,1,14,1,2,7,50.0,350.0,14_D2
197,7,1,14,1,3,5,30.0,150.0,14_D3
198,7,1,16,1,1,7,50.0,350.0,16_D1
199,7,1,16,1,2,7,60.0,420.0,16_D2
200,7,1,16,1,3,3,32.0,96.0,16_D3
201,7,1,20,1,1,7,50.0,350.0,20_D1
202,7,1,20,1,2,5,55.0,275.0,20_D2
203,7,1,20,1,3,6,35.0,210.0,20_D3
204,7,1,24,2,1,6,60.0,360.0,24_D1
205,7,1,24,2,2,7,50.0,350.0,24_D2
206,7,1,24,2,3,4,40.0,160.0,24_D3
207,7,1,27,2,1,6,66.0,396.0,27_D1
208,7,1,27,2,2,8,57.0,456.0,27_D2
209,7,1,27,2,3,4,35.0,140.0,27_D3
210,8,1,4,2,1,6,75.0,450.0,4_D1
211,8,1,4,2,2,7,60.0,420.0,4_D2
212,8,1,4,2,3,4,40.0,160.0,4_D3
213,8,1,5,2,1,7,65.0,455.0,5_D1
214,8,1,5,2,2,7,55.0,385.0,5_D2
215,8,1,5,2,3,5,40.0,200.0,5_D3
216,8,1,7,1,1,8,72.0,576.0,7_D1
217,8,1,7,1,2,6,52.0,312.0,7_D2
218,8,1,7,1,3,5,35.0,175.0,7_D3
219,8,1,10,1,1,7,60.0,420.0,10_D1
220,8,1,10,1,2,6,56.0,336.0,10_D2
221,8,1,10,1,3,5,44.0,220.0,10_D3
222,8,1,12,2,1,7,60.0,420.0,12_D1
223,8,1,12,2,2,8,46.0,368.0,12_D2
224,8,1,12,2,3,4,35.0,140.0,12_D3
225,8,1,14,1,1,7,65.0,455.0,14_D1
226,8,1,14,1,2,7,50.0,350.0,14_D2
227,8,1,14,1,3,3,30.0,90.0,14_D3
228,8,1,16,1,1,6,50.0,300.0,16_D1
229,8,1,16,1,2,7,60.0,420.0,16_D2
230,8,1,16,1,3,5,32.0,160.0,16_D3
231,8,1,20,1,1,8,50.0,400.0,20_D1
232,8,1,20,1,2,8,55.0,440.0,20_D2
233,8,1,20,1,3,7,35.0,245.0,20_D3
234,8,1,24,2,1,8,60.0,480.0,24_D1
235,8,1,24,2,2,8,50.0,400.0,24_D2
236,8,1,24,2,3,6,40.0,240.0,24_D3
237,8,1,27,2,1,8,66.0,528.0,27_D1
238,8,1,27,2,2,7,57.0,399.0,27_D2
239,8,1,27,2,3,6,35.0,210.0,27_D3
240,9,1,4,2,1,7,75.0,525.0,4_D1
241,9,1,4,2,2,8,60.0,480.0,4_D2
242,9,1,4,2,3,4,40.0,160.0,4_D3
243,9,1,5,2,1,7,65.0,455.0,5_D1
244,9,1,5,2,2,7,55.0,385.0,5_D2
245,9,1,5,2,3,5,40.0,200.0,5_D3
246,9,1,7,1,1,8,72.0,576.0,7_D1
247,9,1,7,1,2,5,52.0,260.0,7_D2
248,9,1,7,1,3,5,35.0,175.0,7_D3
249,9,1,10,1,1,8,60.0,480.0,10_D1
250,9,1,10,1,2,5,56.0,280.0,10_D2
251,9,1,10,1,3,5,44.0,220.0,10_D3
252,9,1,12,2,1,7,60.0,420.0,12_D1
253,9,1,12,2,2,6,46.0,276.0,12_D2
254,9,1,12,2,3,4,35.0,140.0,12_D3
255,9,1,14,1,1,8,65.0,520.0,14_D1
256,9,1,14,1,2,8,50.0,400.0,14_D2
257,9,1,14,1,3,4,30.0,120.0,14_D3
258,9,1,16,1,1,7,50.0,350.0,16_D1
259,9,1,16,1,2,6,60.0,360.0,16_D2
260,9,1,16,1,3,4,32.0,128.0,16_D3
261,9,1,20,1,1,7,50.0,350.0,20_D1
262,9,1,20,1,2,7,55.0,385.0,20_D2
263,9,1,20,1,3,4,35.0,140.0,20_D3
264,9,1,24,2,1,7,60.0,420.0,24_D1
265,9,1,24,2,2,9,50.0,450.0,24_D2
266,9,1,24,2,3,4,40.0,160.0,24_D3
267,9,1,27,2,1,7,66.0,462.0,27_D1
268,9,1,27,2,2,8,57.0,456.0,27_D2
269,9,1,27,2,3,5,35.0,175.0,27_D3
270,10,1,4,2,1,7,75.0,525.0,4_D1
271,10,1,4,2,2,7,60.0,420.0,4_D2
272,10,1,4,2,3,5,40.0,200.0,4_D3
273,10,1,5,2,1,8,65.0,520.0,5_D1
274,10,1,5,2,2,7,55.0,385.0,5_D2
275,10,1,5,2,3,4,40.0,160.0,5_D3
276,10,1,7,1,1,10,72.0,720.0,7_D1
277,10,1,7,1,2,7,52.0,364.0,7_D2
278,10,1,7,1,3,6,35.0,210.0,7_D3
279,10,1,10,1,1,6,60.0,360.0,10_D1
280,10,1,10,1,2,5,56.0,280.0,10_D2
281,10,1,10,1,3,5,44.0,220.0,10_D3
282,10,1,12,2,1,8,60.0,480.0,12_D1
283,10,1,12,2,2,8,46.0,368.0,12_D2
284,10,1,12,2,3,7,35.0,245.0,12_D3
285,10,1,14,1,1,7,65.0,455.0,14_D1
286,10,1,14,1,2,7,50.0,350.0,14_D2
287,10,1,14,1,3,4,30.0,120.0,14_D3
288,10,1,16,1,1,8,50.0,400.0,16_D1
289,10,1,16,1,2,7,60.0,420.0,16_D2
290,10,1,16,1,3,6,32.0,192.0,16_D3
291,10,1,20,1,1,7,50.0,350.0,20_D1
292,10,1,20,1,2,7,55.0,385.0,20_D2
293,10,1,20,1,3,6,35.0,210.0,20_D3
294,10,1,24,2,1,7,60.0,420.0,24_D1
295,10,1,24,2,2,7,50.0,350.0,24_D2
296,10,1,24,2,3,4,40.0,160.0,24_D3
297,10,1,27,2,1,6,66.0,396.0,27_D1
298,10,1,27,2,2,7,57.0,399.0,27_D2
299,10,1,27,2,3,6,35.0,210.0,27_D3
300,11,1,4,2,1,8,75.0,600.0,4_D1
301,11,1,4,2,2,8,60.0,480.0,4_D2
302,11,1,4,2,3,5,40.0,200.0,4_D3
303,11,1,5,2,1,8,65.0,520.0,5_D1
304,11,1,5,2,2,7,55.0,385.0,5_D2
305,11,1,5,2,3,5,40.0,200.0,5_D3
306,11,1,7,1,1,8,72.0,576.0,7_D1
307,11,1,7,1,2,8,52.0,416.0,7_D2
308,11,1,7,1,3,7,35.0,245.0,7_D3
309,11,1,10,1,1,8,60.0,480.0,10_D1
310,11,1,10,1,2,8,56.0,448.0,10_D2
311,11,1,10,1,3,6,44.0,264.0,10_D3
312,11,1,12,2,1,8,60.0,480.0,12_D1
313,11,1,12,2,2,8,46.0,368.0,12_D2
314,11,1,12,2,3,7,35.0,245.0,12_D3
315,11,1,14,1,1,8,65.0,520.0,14_D1
316,11,1,14,1,2,6,50.0,300.0,14_D2
317,11,1,14,1,3,7,30.0,210.0,14_D3
318,11,1,16,1,1,7,50.0,350.0,16_D1
319,11,1,16,1,2,8,60.0,480.0,16_D2
320,11,1,16,1,3,7,32.0,224.0,16_D3
321,11,1,20,1,1,7,50.0,350.0,20_D1
322,11,1,20,1,2,7,55.0,385.0,20_D2
323,11,1,20,1,3,6,35.0,210.0,20_D3
324,11,1,24,2,1,7,60.0,420.0,24_D1
325,11,1,24,2,2,8,50.0,400.0,24_D2
326,11,1,24,2,3,5,40.0,200.0,24_D3
327,11,1,27,2,1,8,66.0,528.0,27_D1
328,11,1,27,2,2,8,57.0,456.0,27_D2
329,11,1,27,2,3,7,35.0,245.0,27_D3
330,12,1,4,2,1,6,75.0,450.0,4_D1
331,12,1,4,2,2,6,60.0,360.0,4_D2
332,12,1,4,2,3,4,40.0,160.0,4_D3
333,12,1,5,2,1,8,65.0,520.0,5_D1
334,12,1,5,2,2,8,55.0,440.0,5_D2
335,12,1,5,2,3,4,40.0,160.0,5_D3
336,12,1,7,1,1,7,72.0,504.0,7_D1
337,12,1,7,1,2,7,52.0,364.0,7_D2
338,12,1,7,1,3,6,35.0,210.0,7_D3
339,12,1,10,1,1,7,60.0,420.0,10_D1
340,12,1,10,1,2,6,56.0,336.0,10_D2
341,12,1,10,1,3,4,44.0,176.0,10_D3
342,12,1,12,2,1,7,60.0,420.0,12_D1
343,12,1,12,2,2,7,46.0,322.0,12_D2
344,12,1,12,2,3,5,35.0,175.0,12_D3
345,12,1,14,1,1,7,65.0,455.0,14_D1
346,12,1,14,1,2,7,50.0,350.0,14_D2
347,12,1,14,1,3,5,30.0,150.0,14_D3
348,12,1,16,1,1,7,50.0,350.0,16_D1
349,12,1,16,1,2,5,60.0,300.0,16_D2
350,12,1,16,1,3,4,32.0,128.0,16_D3
351,12,1,20,1,1,7,50.0,350.0,20_D1
352,12,1,20,1,2,7,55.0,385.0,20_D2
353,12,1,20,1,3,7,35.0,245.0,20_D3
354,12,1,24,2,1,7,60.0,420.0,24_D1
355,12,1,24,2,2,8,50.0,400.0,24_D2
356,12,1,24,2,3,3,40.0,120.0,24_D3
357,12,1,27,2,1,8,66.0,528.0,27_D1
358,12,1,27,2,2,7,57.0,399.0,27_D2
359,12,1,27,2,3,6,35.0,210.0,27_D3
360,13,1,4,2,1,6,75.0,450.0,4_D1
361,13,1,4,2,2,6,60.0,360.0,4_D2
362,13,1,4,2,3,5,40.0,200.0,4_D3
363,13,1,5,2,1,8,65.0,520.0,5_D1
364,13,1,5,2,2,8,55.0,440.0,5_D2
365,13,1,5,2,3,5,40.0,200.0,5_D3
366,13,1,7,1,1,7,72.0,504.0,7_D1
367,13,1,7,1,2,8,52.0,416.0,7_D2
368,13,1,7,1,3,6,35.0,210.0,7_D3
369,13,1,10,1,1,8,60.0,480.0,10_D1
370,13,1,10,1,2,6,56.0,336.0,10_D2
371,13,1,10,1,3,4,44.0,176.0,10_D3
372,13,1,12,2,1,8,60.0,480.0,12_D1
373,13,1,12,2,2,7,46.0,322.0,12_D2
374,13,1,12,2,3,5,35.0,175.0,12_D3
375,13,1,14,1,1,7,65.0,455.0,14_D1
376,13,1,14,1,2,7,50.0,350.0,14_D2
377,13,1,14,1,3,5,30.0,150.0,14_D3
378,13,1,16,1,1,8,50.0,400.0,16_D1
379,13,1,16,1,2,8,60.0,480.0,16_D2
380,13,1,16,1,3,5,32.0,160.0,16_D3
381,13,1,20,1,1,8,50.0,400.0,20_D1
382,13,1,20,1,2,7,55.0,385.0,20_D2
383,13,1,20,1,3,5,35.0,175.0,20_D3
384,13,1,24,2,1,7,60.0,420.0,24_D1
385,13,1,24,2,2,8,50.0,400.0,24_D2
386,13,1,24,2,3,5,40.0,200.0,24_D3
387,13,1,27,2,1,6,66.0,396.0,27_D1
388,13,1,27,2,2,7,57.0,399.0,27_D2
389,13,1,27,2,3,5,35.0,175.0,27_D3
390,14,1,4,2,1,6,75.0,450.0,4_D1
391,14,1,4,2,2,5,60.0,300.0,4_D2
392,14,1,4,2,3,5,40.0,200.0,4_D3
393,14,1,5,2,1,7,65.0,455.0,5_D1
394,14,1,5,2,2,5,55.0,275.0,5_D2
395,14,1,5,2,3,4,40.0,160.0,5_D3
396,14,1,7,1,1,8,72.0,576.0,7_D1
397,14,1,7,1,2,7,52.0,364.0,7_D2
398,14,1,7,1,3,5,35.0,175.0,7_D3
399,14,1,10,1,1,7,60.0,420.0,10_D1
400,14,1,10,1,2,5,56.0,280.0,10_D2
401,14,1,10,1,3,6,44.0,264.0,10_D3
402,14,1,12,2,1,5,60.0,300.0,12_D1
403,14,1,12,2,2,7,46.0,322.0,12_D2
404,14,1,12,2,3,5,35.0,175.0,12_D3
405,14,1,14,1,1,8,65.0,520.0,14_D1
406,14,1,14,1,2,7,50.0,350.0,14_D2
407,14,1,14,1,3,5,30.0,150.0,14_D3
408,14,1,16,1,1,6,50.0,300.0,16_D1
409,14,1,16,1,2,7,60.0,420.0,16_D2
410,14,1,16,1,3,5,32.0,160.0,16_D3
411,14,1,20,1,1,5,50.0,250.0,20_D1
412,14,1,20,1,2,5,55.0,275.0,20_D2
413,14,1,20,1,3,6,35.0,210.0,20_D3
414,14,1,24,2,1,7,60.0,420.0,24_D1
415,14,1,24,2,2,8,50.0,400.0,24_D2
416,14,1,24,2,3,6,40.0,240.0,24_D3
417,14,1,27,2,1,7,66.0,462.0,27_D1
418,14,1,27,2,2,8,57.0,456.0,27_D2
419,14,1,27,2,3,4,35.0,140.0,27_D3
420,15,1,4,2,1,6,75.0,450.0,4_D1
421,15,1,4,2,2,7,60.0,420.0,4_D2
422,15,1,4,2,3,4,40.0,160.0,4_D3
423,15,1,5,2,1,8,65.0,520.0,5_D1
424,15,1,5,2,2,7,55.0,385.0,5_D2
425,15,1,5,2,3,4,40.0,160.0,5_D3
426,15,1,7,1,1,8,72.0,576.0,7_D1
427,15,1,7,1,2,8,52.0,416.0,7_D2
428,15,1,7,1,3,5,35.0,175.0,7_D3
429,15,1,10,1,1,8,60.0,480.0,10_D1
430,15,1,10,1,2,7,56.0,392.0,10_D2
431,15,1,10,1,3,4,44.0,176.0,10_D3
432,15,1,12,2,1,7,60.0,420.0,12_D1
433,15,1,12,2,2,8,46.0,368.0,12_D2
434,15,1,12,2,3,5,35.0,175.0,12_D3
435,15,1,14,1,1,8,65.0,520.0,14_D1
436,15,1,14,1,2,8,50.0,400.0,14_D2
437,15,1,14,1,3,4,30.0,120.0,14_D3
438,15,1,16,1,1,7,50.0,350.0,16_D1
439,15,1,16,1,2,7,60.0,420.0,16_D2
440,15,1,16,1,3,5,32.0,160.0,16_D3
441,15,1,20,1,1,7,50.0,350.0,20_D1
442,15,1,20,1,2,5,55.0,275.0,20_D2
443,15,1,20,1,3,7,35.0,245.0,20_D3
444,15,1,24,2,1,7,60.0,420.0,24_D1
445,15,1,24,2,2,7,50.0,350.0,24_D2
446,15,1,24,2,3,4,40.0,160.0,24_D3
447,15,1,27,2,1,6,66.0,396.0,27_D1
448,15,1,27,2,2,8,57.0,456.0,27_D2
449,15,1,27,2,3,3,35.0,105.0,27_D3
450,16,2,4,2,1,5,75.0,375.0,4_D1
451,16,2,4,2,2,6,60.0,360.0,4_D2
452,16,2,4,2,3,3,40.0,120.0,4_D3
453,16,2,5,2,1,8,65.0,520.0,5_D1
454,16,2,5,2,2,9,55.0,495.0,5_D2
455,16,2,5,2,3,4,40.0,160.0,5_D3
456,16,2,7,1,1,8,72.0,576.0,7_D1
457,16,2,7,1,2,8,52.0,416.0,7_D2
458,16,2,7,1,3,4,35.0,140.0,7_D3
459,16,2,10,1,1,6,60.0,360.0,10_D1
460,16,2,10,1,2,7,56.0,392.0,10_D2
461,16,2,10,1,3,4,44.0,176.0,10_D3
462,16,2,12,2,1,7,60.0,420.0,12_D1
463,16,2,12,2,2,6,46.0,276.0,12_D2
464,16,2,12,2,3,4,35.0,140.0,12_D3
465,16,2,14,1,1,7,65.0,455.0,14_D1
466,16,2,14,1,2,5,50.0,250.0,14_D2
467,16,2,14,1,3,5,30.0,150.0,14_D3
468,16,2,16,1,1,6,50.0,300.0,16_D1
469,16,2,16,1,2,5,60.0,300.0,16_D2
470,16,2,16,1,3,5,32.0,160.0,16_D3
471,16,2,20,1,1,6,50.0,300.0,20_D1
472,16,2,20,1,2,7,55.0,385.0,20_D2
473,16,2,20,1,3,6,35.0,210.0,20_D3
474,16,2,24,2,1,7,60.0,420.0,24_D1
475,16,2,24,2,2,7,50.0,350.0,24_D2
476,16,2,24,2,3,5,40.0,200.0,24_D3
477,16,2,27,2,1,7,66.0,462.0,27_D1
478,16,2,27,2,2,6,57.0,342.0,27_D2
479,16,2,27,2,3,5,35.0,175.0,27_D3
480,17,2,4,2,1,5,75.0,375.0,4_D1
481,17,2,4,2,2,6,60.0,360.0,4_D2
482,17,2,4,2,3,3,40.0,120.0,4_D3
483,17,2,5,2,1,7,65.0,455.0,5_D1
484,17,2,5,2,2,6,55.0,330.0,5_D2
485,17,2,5,2,3,4,40.0,160.0,5_D3
486,17,2,7,1,1,6,72.0,432.0,7_D1
487,17,2,7,1,2,6,52.0,312.0,7_D2
488,17,2,7,1,3,4,35.0,140.0,7_D3
489,17,2,10,1,1,4,60.0,240.0,10_D1
490,17,2,10,1,2,7,56.0,392.0,10_D2
491,17,2,10,1,3,4,44.0,176.0,10_D3
492,17,2,12,2,1,7,60.0,420.0,12_D1
493,17,2,12,2,2,4,46.0,184.0,12_D2
494,17,2,12,2,3,4,35.0,140.0,12_D3
495,17,2,14,1,1,5,65.0,325.0,14_D1
496,17,2,14,1,2,6,50.0,300.0,14_D2
497,17,2,14,1,3,3,30.0,90.0,14_D3
498,17,2,16,1,1,6,50.0,300.0,16_D1
499,17,2,16,1,2,4,60.0,240.0,16_D2
500,17,2,16,1,3,4,32.0,128.0,16_D3
501,17,2,20,1,1,6,50.0,300.0,20_D1
502,17,2,20,1,2,7,55.0,385.0,20_D2
503,17,2,20,1,3,4,35.0,140.0,20_D3
504,17,2,24,2,1,6,60.0,360.0,24_D1
505,17,2,24,2,2,6,50.0,300.0,24_D2
506,17,2,24,2,3,6,40.0,240.0,24_D3
507,17,2,27,2,1,3,66.0,198.0,27_D1
508,17,2,27,2,2,4,57.0,228.0,27_D2
509,17,2,27,2,3,2,35.0,70.0,27_D3
510,18,2,4,2,1,6,75.0,450.0,4_D1
511,18,2,4,2,2,7,60.0,420.0,4_D2
512,18,2,4,2,3,4,40.0,160.0,4_D3
513,18,2,5,2,1,7,65.0,455.0,5_D1
514,18,2,5,2,2,7,55.0,385.0,5_D2
515,18,2,5,2,3,4,40.0,160.0,5_D3
516,18,2,7,1,1,8,72.0,576.0,7_D1
517,18,2,7,1,2,7,52.0,364.0,7_D2
518,18,2,7,1,3,5,35.0,175.0,7_D3
519,18,2,10,1,1,7,60.0,420.0,10_D1
520,18,2,10,1,2,6,56.0,336.0,10_D2
521,18,2,10,1,3,5,44.0,220.0,10_D3
522,18,2,12,2,1,6,60.0,360.0,12_D1
523,18,2,12,2,2,6,46.0,276.0,12_D2
524,18,2,12,2,3,5,35.0,175.0,12_D3
525,18,2,14,1,1,7,65.0,455.0,14_D1
526,18,2,14,1,2,6,50.0,300.0,14_D2
527,18,2,14,1,3,4,30.0,120.0,14_D3
528,18,2,16,1,1,7,50.0,350.0,16_D1
529,18,2,16,1,2,9,60.0,540.0,16_D2
530,18,2,16,1,3,6,32.0,192.0,16_D3
531,18,2,20,1,1,7,50.0,350.0,20_D1
532,18,2,20,1,2,8,55.0,440.0,20_D2
533,18,2,20,1,3,5,35.0,175.0,20_D3
534,18,2,24,2,1,7,60.0,420.0,24_D1
535,18,2,24,2,2,6,50.0,300.0,24_D2
536,18,2,24,2,3,5,40.0,200.0,24_D3
537,18,2,27,2,1,7,66.0,462.0,27_D1
538,18,2,27,2,2,7,57.0,399.0,27_D2
539,18,2,27,2,3,5,35.0,175.0,27_D3
540,19,2,4,2,1,5,75.0,375.0,4_D1
541,19,2,4,2,2,6,60.0,360.0,4_D2
542,19,2,4,2,3,3,40.0,120.0,4_D3
543,19,2,5,2,1,6,65.0,390.0,5_D1
544,19,2,5,2,2,6,55.0,330.0,5_D2
545,19,2,5,2,3,3,40.0,120.0,5_D3
546,19,2,7,1,1,7,72.0,504.0,7_D1
547,19,2,7,1,2,7,52.0,364.0,7_D2
548,19,2,7,1,3,4,35.0,140.0,7_D3
549,19,2,10,1,1,7,60.0,420.0,10_D1
550,19,2,10,1,2,6,56.0,336.0,10_D2
551,19,2,10,1,3,3,44.0,132.0,10_D3
552,19,2,12,2,1,6,60.0,360.0,12_D1
553,19,2,12,2,2,5,46.0,230.0,12_D2
554,19,2,12,2,3,4,35.0,140.0,12_D3
555,19,2,14,1,1,6,65.0,390.0,14_D1
556,19,2,14,1,2,3,50.0,150.0,14_D2
557,19,2,14,1,3,3,30.0,90.0,14_D3
558,19,2,16,1,1,5,50.0,250.0,16_D1
559,19,2,16,1,2,7,60.0,420.0,16_D2
560,19,2,16,1,3,3,32.0,96.0,16_D3
561,19,2,20,1,1,5,50.0,250.0,20_D1
562,19,2,20,1,2,6,55.0,330.0,20_D2
563,19,2,20,1,3,6,35.0,210.0,20_D3
564,19,2,24,2,1,7,60.0,420.0,24_D1
565,19,2,24,2,2,7,50.0,350.0,24_D2
566,19,2,24,2,3,3,40.0,120.0,24_D3
567,19,2,27,2,1,7,66.0,462.0,27_D1
568,19,2,27,2,2,6,57.0,342.0,27_D2
569,19,2,27,2,3,3,35.0,105.0,27_D3
570,20,2,4,2,1,5,75.0,375.0,4_D1
571,20,2,4,2,2,5,60.0,300.0,4_D2
572,20,2,4,2,3,3,40.0,120.0,4_D3
573,20,2,5,2,1,5,65.0,325.0,5_D1
574,20,2,5,2,2,5,55.0,275.0,5_D2
575,20,2,5,2,3,3,40.0,120.0,5_D3
576,20,2,7,1,1,6,72.0,432.0,7_D1
577,20,2,7,1,2,6,52.0,312.0,7_D2
578,20,2,7,1,3,4,35.0,140.0,7_D3
579,20,2,10,1,1,5,60.0,300.0,10_D1
580,20,2,10,1,2,4,56.0,224.0,10_D2
581,20,2,10,1,3,5,44.0,220.0,10_D3
582,20,2,12,2,1,5,60.0,300.0,12_D1
583,20,2,12,2,2,7,46.0,322.0,12_D2
584,20,2,12,2,3,5,35.0,175.0,12_D3
585,20,2,14,1,1,6,65.0,390.0,14_D1
586,20,2,14,1,2,5,50.0,250.0,14_D2
587,20,2,14,1,3,5,30.0,150.0,14_D3
588,20,2,16,1,1,6,50.0,300.0,16_D1
589,20,2,16,1,2,5,60.0,300.0,16_D2
590,20,2,16,1,3,2,32.0,64.0,16_D3
591,20,2,20,1,1,5,50.0,250.0,20_D1
592,20,2,20,1,2,5,55.0,275.0,20_D2
593,20,2,20,1,3,7,35.0,245.0,20_D3
594,20,2,24,2,1,5,60.0,300.0,24_D1
595,20,2,24,2,2,5,50.0,250.0,24_D2
596,20,2,24,2,3,5,40.0,200.0,24_D3
597,20,2,27,2,1,5,66.0,330.0,27_D1
598,20,2,27,2,2,6,57.0,342.0,27_D2
599,20,2,27,2,3,3,35.0,105.0,27_D3
600,21,2,4,2,1,5,75.0,375.0,4_D1
601,21,2,4,2,2,7,60.0,420.0,4_D2
602,21,2,4,2,3,4,40.0,160.0,4_D3
603,21,2,5,2,1,6,65.0,390.0,5_D1
604,21,2,5,2,2,7,55.0,385.0,5_D2
605,21,2,5,2,3,4,40.0,160.0,5_D3
606,21,2,7,1,1,7,72.0,504.0,7_D1
607,21,2,7,1,2,7,52.0,364.0,7_D2
608,21,2,7,1,3,5,35.0,175.0,7_D3
609,21,2,10,1,1,7,60.0,420.0,10_D1
610,21,2,10,1,2,7,56.0,392.0,10_D2
611,21,2,10,1,3,4,44.0,176.0,10_D3
612,21,2,12,2,1,6,60.0,360.0,12_D1
613,21,2,12,2,2,7,46.0,322.0,12_D2
614,21,2,12,2,3,5,35.0,175.0,12_D3
615,21,2,14,1,1,6,65.0,390.0,14_D1
616,21,2,14,1,2,7,50.0,350.0,14_D2
617,21,2,14,1,3,3,30.0,90.0,14_D3
618,21,2,16,1,1,7,50.0,350.0,16_D1
619,21,2,16,1,2,6,60.0,360.0,16_D2
620,21,2,16,1,3,3,32.0,96.0,16_D3
621,21,2,20,1,1,6,50.0,300.0,20_D1
622,21,2,20,1,2,6,55.0,330.0,20_D2
623,21,2,20,1,3,3,35.0,105.0,20_D3
624,21,2,24,2,1,7,60.0,420.0,24_D1
625,21,2,24,2,2,6,50.0,300.0,24_D2
626,21,2,24,2,3,5,40.0,200.0,24_D3
627,21,2,27,2,1,6,66.0,396.0,27_D1
628,21,2,27,2,2,6,57.0,342.0,27_D2
629,21,2,27,2,3,4,35.0,140.0,27_D3
630,22,2,4,2,1,6,75.0,450.0,4_D1
631,22,2,4,2,2,6,60.0,360.0,4_D2
632,22,2,4,2,3,4,40.0,160.0,4_D3
633,22,2,5,2,1,7,65.0,455.0,5_D1
634,22,2,5,2,2,6,55.0,330.0,5_D2
635,22,2,5,2,3,4,40.0,160.0,5_D3
636,22,2,7,1,1,7,72.0,504.0,7_D1
637,22,2,7,1,2,7,52.0,364.0,7_D2
638,22,2,7,1,3,4,35.0,140.0,7_D3
639,22,2,10,1,1,7,60.0,420.0,10_D1
640,22,2,10,1,2,7,56.0,392.0,10_D2
641,22,2,10,1,3,4,44.0,176.0,10_D3
642,22,2,12,2,1,5,60.0,300.0,12_D1
643,22,2,12,2,2,6,46.0,276.0,12_D2
644,22,2,12,2,3,5,35.0,175.0,12_D3
645,22,2,14,1,1,7,65.0,455.0,14_D1
646,22,2,14,1,2,5,50.0,250.0,14_D2
647,22,2,14,1,3,4,30.0,120.0,14_D3
648,22,2,16,1,1,6,50.0,300.0,16_D1
649,22,2,16,1,2,5,60.0,300.0,16_D2
650,22,2,16,1,3,4,32.0,128.0,16_D3
651,22,2,20,1,1,6,50.0,300.0,20_D1
652,22,2,20,1,2,7,55.0,385.0,20_D2
653,22,2,20,1,3,4,35.0,140.0,20_D3
654,22,2,24,2,1,7,60.0,420.0,24_D1
655,22,2,24,2,2,6,50.0,300.0,24_D2
656,22,2,24,2,3,6,40.0,240.0,24_D3
657,22,2,27,2,1,6,66.0,396.0,27_D1
658,22,2,27,2,2,7,57.0,399.0,27_D2
659,22,2,27,2,3,5,35.0,175.0,27_D3
660,23,2,4,2,1,6,75.0,450.0,4_D1
661,23,2,4,2,2,6,60.0,360.0,4_D2
662,23,2,4,2,3,4,40.0,160.0,4_D3
663,23,2,5,2,1,6,65.0,390.0,5_D1
664,23,2,5,2,2,7,55.0,385.0,5_D2
665,23,2,5,2,3,5,40.0,200.0,5_D3
666,23,2,7,1,1,7,72.0,504.0,7_D1
667,23,2,7,1,2,7,52.0,364.0,7_D2
668,23,2,7,1,3,5,35.0,175.0,7_D3
669,23,2,10,1,1,7,60.0,420.0,10_D1
670,23,2,10,1,2,6,56.0,336.0,10_D2
671,23,2,10,1,3,5,44.0,220.0,10_D3
672,23,2,12,2,1,7,60.0,420.0,12_D1
673,23,2,12,2,2,7,46.0,322.0,12_D2
674,23,2,12,2,3,5,35.0,175.0,12_D3
675,23,2,14,1,1,6,65.0,390.0,14_D1
676,23,2,14,1,2,5,50.0,250.0,14_D2
677,23,2,14,1,3,4,30.0,120.0,14_D3
678,23,2,16,1,1,7,50.0,350.0,16_D1
679,23,2,16,1,2,7,60.0,420.0,16_D2
680,23,2,16,1,3,5,32.0,160.0,16_D3
681,23,2,20,1,1,7,50.0,350.0,20_D1
682,23,2,20,1,2,7,55.0,385.0,20_D2
683,23,2,20,1,3,6,35.0,210.0,20_D3
684,23,2,24,2,1,6,60.0,360.0,24_D1
685,23,2,24,2,2,7,50.0,350.0,24_D2
686,23,2,24,2,3,5,40.0,200.0,24_D3
687,23,2,27,2,1,6,66.0,396.0,27_D1
688,23,2,27,2,2,7,57.0,399.0,27_D2
689,23,2,27,2,3,4,35.0,140.0,27_D3
690,24,2,4,2,1,7,75.0,525.0,4_D1
691,24,2,4,2,2,6,60.0,360.0,4_D2
692,24,2,4,2,3,4,40.0,160.0,4_D3
693,24,2,5,2,1,7,65.0,455.0,5_D1
694,24,2,5,2,2,7,55.0,385.0,5_D2
695,24,2,5,2,3,6,40.0,240.0,5_D3
696,24,2,7,1,1,7,72.0,504.0,7_D1
697,24,2,7,1,2,8,52.0,416.0,7_D2
698,24,2,7,1,3,6,35.0,210.0,7_D3
699,24,2,10,1,1,7,60.0,420.0,10_D1
700,24,2,10,1,2,7,56.0,392.0,10_D2
701,24,2,10,1,3,5,44.0,220.0,10_D3
702,24,2,12,2,1,7,60.0,420.0,12_D1
703,24,2,12,2,2,8,46.0,368.0,12_D2
704,24,2,12,2,3,5,35.0,175.0,12_D3
705,24,2,14,1,1,6,65.0,390.0,14_D1
706,24,2,14,1,2,7,50.0,350.0,14_D2
707,24,2,14,1,3,5,30.0,150.0,14_D3
708,24,2,16,1,1,7,50.0,350.0,16_D1
709,24,2,16,1,2,8,60.0,480.0,16_D2
710,24,2,16,1,3,6,32.0,192.0,16_D3
711,24,2,20,1,1,7,50.0,350.0,20_D1
712,24,2,20,1,2,7,55.0,385.0,20_D2
713,24,2,20,1,3,6,35.0,210.0,20_D3
714,24,2,24,2,1,7,60.0,420.0,24_D1
715,24,2,24,2,2,8,50.0,400.0,24_D2
716,24,2,24,2,3,5,40.0,200.0,24_D3
717,24,2,27,2,1,7,66.0,462.0,27_D1
718,24,2,27,2,2,7,57.0,399.0,27_D2
719,24,2,27,2,3,5,35.0,175.0,27_D3
720,25,2,4,2,1,6,75.0,450.0,4_D1
721,25,2,4,2,2,7,60.0,420.0,4_D2
722,25,2,4,2,3,3,40.0,120.0,4_D3
723,25,2,5,2,1,7,65.0,455.0,5_D1
724,25,2,5,2,2,7,55.0,385.0,5_D2
725,25,2,5,2,3,3,40.0,120.0,5_D3
726,25,2,7,1,1,7,72.0,504.0,7_D1
727,25,2,7,1,2,6,52.0,312.0,7_D2
728,25,2,7,1,3,4,35.0,140.0,7_D3
729,25,2,10,1,1,6,60.0,360.0,10_D1
730,25,2,10,1,2,6,56.0,336.0,10_D2
731,25,2,10,1,3,3,44.0,132.0,10_D3
732,25,2,12,2,1,6,60.0,360.0,12_D1
733,25,2,12,2,2,7,46.0,322.0,12_D2
734,25,2,12,2,3,4,35.0,140.0,12_D3
735,25,2,14,1,1,5,65.0,325.0,14_D1
736,25,2,14,1,2,5,50.0,250.0,14_D2
737,25,2,14,1,3,3,30.0,90.0,14_D3
738,25,2,16,1,1,5,50.0,250.0,16_D1
739,25,2,16,1,2,7,60.0,420.0,16_D2
740,25,2,16,1,3,3,32.0,96.0,16_D3
741,25,2,20,1,1,5,50.0,250.0,20_D1
742,25,2,20,1,2,6,55.0,330.0,20_D2
743,25,2,20,1,3,5,35.0,175.0,20_D3
744,25,2,24,2,1,6,60.0,360.0,24_D1
745,25,2,24,2,2,7,50.0,350.0,24_D2
746,25,2,24,2,3,4,40.0,160.0,24_D3
747,25,2,27,2,1,7,66.0,462.0,27_D1
748,25,2,27,2,2,6,57.0,342.0,27_D2
749,25,2,27,2,3,5,35.0,175.0,27_D3
750,26,2,4,2,1,6,75.0,450.0,4_D1
751,26,2,4,2,2,6,60.0,360.0,4_D2
752,26,2,4,2,3,3,40.0,120.0,4_D3
753,26,2,5,2,1,6,65.0,390.0,5_D1
754,26,2,5,2,2,6,55.0,330.0,5_D2
755,26,2,5,2,3,4,40.0,160.0,5_D3
756,26,2,7,1,1,7,72.0,504.0,7_D1
757,26,2,7,1,2,6,52.0,312.0,7_D2
758,26,2,7,1,3,4,35.0,140.0,7_D3
759,26,2,10,1,1,6,60.0,360.0,10_D1
760,26,2,10,1,2,6,56.0,336.0,10_D2
761,26,2,10,1,3,4,44.0,176.0,10_D3
762,26,2,12,2,1,5,60.0,300.0,12_D1
763,26,2,12,2,2,8,46.0,368.0,12_D2
764,26,2,12,2,3,5,35.0,175.0,12_D3
765,26,2,14,1,1,5,65.0,325.0,14_D1
766,26,2,14,1,2,5,50.0,250.0,14_D2
767,26,2,14,1,3,4,30.0,120.0,14_D3
768,26,2,16,1,1,6,50.0,300.0,16_D1
769,26,2,16,1,2,7,60.0,420.0,16_D2
770,26,2,16,1,3,5,32.0,160.0,16_D3
771,26,2,20,1,1,6,50.0,300.0,20_D1
772,26,2,20,1,2,5,55.0,275.0,20_D2
773,26,2,20,1,3,7,35.0,245.0,20_D3
774,26,2,24,2,1,7,60.0,420.0,24_D1
775,26,2,24,2,2,7,50.0,350.0,24_D2
776,26,2,24,2,3,5,40.0,200.0,24_D3
777,26,2,27,2,1,8,66.0,528.0,27_D1
778,26,2,27,2,2,6,57.0,342.0,27_D2
779,26,2,27,2,3,3,35.0,105.0,27_D3